name,price,image
Women Metal Peach Dial Analog Watch -Nr2540Wm05, Band Color-Rose Gold,10,445,https://m.media-amazon.com/images/I/51zLPEM1PyL._AC_UL320_.jpg
Analog Mother of Pearl Dial Women's Watch-NL95032WM02/NR95032WM02,19,495,https://m.media-amazon.com/images/I/71FNt6FZN3L._AC_UL320_.jpg
Ceramic Analog White Dial Women's Watch-NL95016WD02/NR95016WD02,null,https://m.media-amazon.com/images/I/61b6QudtbYS._AC_UL320_.jpg
Women Metal Raga Mots of Joy Analog Green Dial Watch-95140Qm01/Nr95140Qm01, Band Color-Green,12,895,https://m.media-amazon.com/images/I/51zzY2L6d0L._AC_UL320_.jpg
Women Metal Pink Dial Analog Watch -Nr95118Wm02, Band Color-Rose Gold,18,995,https://m.media-amazon.com/images/I/71ewugZRsJL._AC_UL320_.jpg
Raga I Am Analog Pink Dial Women's Watch NM95095WM01/NN95095WM01/NP95095WM01F,18,995,https://m.media-amazon.com/images/I/51ix1+YOLcL._AC_UL320_.jpg
Analog Watch for Women -NR95129QM01,12,245,https://m.media-amazon.com/images/I/81H0Z7eheLL._AC_UL320_.jpg
Women Stainless Steel Animalia Analog Rose Gold Dial Watch-95131Wm01/Nr95131Wm01, Band Color-Rose Gold,10,321,https://m.media-amazon.com/images/I/71CRL6ue3JL._AC_UL320_.jpg
Women Metal Analog Pink Dial Watch-Nl95058Wm02/Np95058Wm02, Band Color-Rose Gold,10,070,https://m.media-amazon.com/images/I/71qvYSKjQvL._AC_UL320_.jpg
Analog Rose Gold Dial Women's Watch-NL95040WM01/NP95040WM01,11,045,https://m.media-amazon.com/images/I/51MxEudPN-L._AC_UL320_.jpg
Women Metal Masaba 2 Analog Mother Of Pearl Dial Watch-Nn95092Ym01, Band Color-Gold,19,495,https://m.media-amazon.com/images/I/51fIWeyvlSL._AC_UL320_.jpg
Ladies Edge Dec’21 Analog Rose Gold Dial Women's Watch-2677WM01,12,995,https://m.media-amazon.com/images/I/61qQcOqm90L._AC_UL320_.jpg
Brown Dial Analog Watch for Women -NR95139QM02 Stainless Steel, Brown Strap,10,045,https://m.media-amazon.com/images/I/71FXuzlaBBL._AC_UL320_.jpg
Women Metal Green Dial Analog Watch -Nr95136Qm01, Band Color-Green,14,236,https://m.media-amazon.com/images/I/41sx9EqHGhL._AC_UL320_.jpg
Women Stainless Steel Silver White Dial Analog Watch -Nr9743Km01, Band Color-Pink,10,270,https://m.media-amazon.com/images/I/51632h7Xh+L._AC_UL320_.jpg
Raga Moments of Joy Analog Silver Dial Women's Watch-NQ95134WM01/NP95134WM01,14,395,https://m.media-amazon.com/images/I/51doq+mJE-L._AC_UL320_.jpg
Analog Green Dial Women's Watch-95173YM01,10,995,https://m.media-amazon.com/images/I/71gI7fLTu0L._AC_UL320_.jpg
Women Metal Raga Facets Analog Brown Dial Watch-Nn95121Km01/Nr95121Km01, Band Color-Rose Gold,13,895,https://m.media-amazon.com/images/I/51KEYV05Q6L._AC_UL320_.jpg
Women Stainless Steel Analog Rose Gold Dial Watch-Nl95055Wm01/Nr95055Wm01, Band Color-Rose Gold,13,895,https://m.media-amazon.com/images/I/81x0APclfkL._AC_UL320_.jpg
Analog Green Dial Women's Watch-NL95058WM01/NP95058WM01,10,570,https://m.media-amazon.com/images/I/51FTwJ9IRcL._AC_UL320_.jpg
Women Metal Rose Gold Dial Analog Watch -Nr95121Wm01, Band Color-Rose Gold,13,395,https://m.media-amazon.com/images/I/51Y-8Ongs+L._AC_UL320_.jpg
Women Stainless Steel Ladies Edge Dec'21 Analog Silver Dial Watch-2654Wm01/Nr2654Wm01, Band Color-Rose Gold,10,995,https://m.media-amazon.com/images/I/71gHElqVO4L._AC_UL320_.jpg
Purple Unending Beauty Analog Blue Dial Women's Watch-95160QM01 Stainless Steel, Blue Strap,13,086,https://m.media-amazon.com/images/I/71jaFYdXdEL._AC_UL320_.jpg
Women Metal Analog Watch -Nr95106Wm02F, Band Color-Rose Gold,Dial Color-Mother Of Pearl,null,https://m.media-amazon.com/images/I/51e-qNqucFL._AC_UL320_.jpg
Modern Bandhan Analog Blue Dial Unisex's Watch-NN9400294202SM01/NP9400294202SM01,12,770,https://m.media-amazon.com/images/I/51Fvu6qaElL._AC_UL320_.jpg
Analog Green Dial Women's Watch-95134QM01,14,195,https://m.media-amazon.com/images/I/71SRER1YxKL._AC_UL320_.jpg
Stainless Steel Animalia Analog Rose Gold Dial Women's Watch-95129Wm01/Nr95129Wm01,11,745,https://m.media-amazon.com/images/I/51A5ZS6Pv0L._AC_UL320_.jpg
Women Leather Modern Bandhan Analog Silver Dial Watch-9400394203Wl01/Nr9400394203Wl01P, Band Color-Brown,16,690,https://m.media-amazon.com/images/I/81gdESAiamL._AC_UL320_.jpg
Raga Facets Analog Black Dial Women's Watch-NN95119WM01/NQ95119WM01,13,395,https://m.media-amazon.com/images/I/71x75eR6IvL._AC_UL320_.jpg
Women Metal Raga Aurora Analog White Dial Watch-Nl2567Wm01, Band Color-Rose Gold,10,845,https://m.media-amazon.com/images/I/51RWmrOe4cL._AC_UL320_.jpg
Analog Off-White Dial Women's Watch-95152WM01,18,545,https://m.media-amazon.com/images/I/6131M16kWFL._AC_UL320_.jpg
Unisex Stainless Steel Bandhan Analog White Dial Couple Watch-Nl19272927Ym01, Band Color-Gold,10,517,https://m.media-amazon.com/images/I/91IpjuBFIGL._AC_UL320_.jpg
Green Dial Analog Watch For Women -NR95139QM01,null,https://m.media-amazon.com/images/I/51qbtNNrloL._AC_UL320_.jpg
Raga Moments of Joy Analog White Dial Women's Watch-95127WM01F/NP95127WM01F,18,295,https://m.media-amazon.com/images/I/51TtNdGaUsL._AC_UL320_.jpg
Women Stainless Steel Analog Black Dial Watch-Nn95061Wd01, Band Color-Multicolor,10,015,https://m.media-amazon.com/images/I/712uTM8+7sL._AC_UL320_.jpg
Analog Purple Dial Women's Watch-95209QM01,10,895,https://m.media-amazon.com/images/I/818LzqXuvgL._AC_UL320_.jpg
Women Leather Ladies Edge Dec'21 Analog Black Dial Watch-2655Wl01/Nr2655Wl01, Band Color-Black,null,https://m.media-amazon.com/images/I/61qKHBgJQGL._AC_UL320_.jpg
Women Stainless Steel Analog White Dial Watch-95062Wd02/Nr95062Wd02, Band Color-Multicolor,null,https://m.media-amazon.com/images/I/51ddUEfKbnL._AC_UL320_.jpg
Women Metal Modern Bandhan Analog Blue Dial Watch-9400394203Sm01, Band Color-Silver,null,https://m.media-amazon.com/images/I/814swBUwF5S._AC_UL320_.jpg
Animalia Analog Rose Gold Dial Women's Watch-95131QM01/NP95131QM01,15,245,https://m.media-amazon.com/images/I/51TKECaSTQL._AC_UL320_.jpg
Women Stainless Steel Analog Pink Dial Watch-Nn95084Wm01, Band Color-Rose Gold,16,040,https://m.media-amazon.com/images/I/71Rk4ZpXN7L._AC_UL320_.jpg
Purple Self Expression Analog Rose Gold Dial Women's Watch-NN95111WM01/NP95111WM01,10,970,https://m.media-amazon.com/images/I/61BPszyDYvL._AC_UL320_.jpg
Raga Cocktails Analog Mother of Pearl Dial Women's Watch-NM95106WM01F / NL95106WM01F/NQ95106WM01F,null,https://m.media-amazon.com/images/I/717BSLVxABL._AC_UL320_.jpg
Analog Rose Gold Dial Women's Watch-95149WM01,12,396,https://m.media-amazon.com/images/I/61mnNIMcDVL._AC_UL320_.jpg
Women Metal Modern Bandhan Analog Silver Dial Watch-9400394203Wm01/Nr9400394203Wm01P, Band Color-Gold,19,390,https://m.media-amazon.com/images/I/61sanrE-RPL._AC_UL320_.jpg
Unisex Metal Modern Bandhan Analog Silver Dial 'S Watch-Nn9400294202Km01/Nr9400294202Km01P, Band Color-Rose Gold,16,740,https://m.media-amazon.com/images/I/51pCjdYVN1L._AC_UL320_.jpg
Autumn Winter'15 Analog Silver Dial Women's Watch-NL95023KM01/NP95023KM01,null,https://m.media-amazon.com/images/I/81quHM7VfxL._AC_UL320_.jpg
Pink Dial Analog Watch For Women -NR95136WM01,16,795,https://m.media-amazon.com/images/I/517EDuvaxhL._AC_UL320_.jpg
Analog Rose Gold Dial Women's Watch-95177WM01,14,995,https://m.media-amazon.com/images/I/61g5uY3P+oL._AC_UL320_T1F_.jpg
Animalia Analog Purple Dial Women's Watch-95132QM01/NP95132QM01,11,145,https://m.media-amazon.com/images/I/71hKENbf7BL._AC_UL320_T1F_.jpg
Women Stainless Steel Purple Unending Beauty Analogue Blue Dial Watch-95162Qm01, Band Color-Blue,13,645,https://m.media-amazon.com/images/I/71Fdy8WSgkL._AC_UL320_T1F_.jpg
Ladies Edge Dec’21 Analog Black Dial Women's Watch-2677NM01,12,495,https://m.media-amazon.com/images/I/615rpBbZk+L._AC_UL320_T1F_.jpg
Women Stainless Steel Analog Brown Dial Watch-Nn95049Wm01, Band Color-Rose Gold,10,945,https://m.media-amazon.com/images/I/81N48gONQWL._AC_UL320_T1F_.jpg
Women Stainless Steel Analog Green Dial Watch-Nn95083Wm01, Band Color-Rose Gold,10,070,https://m.media-amazon.com/images/I/7156J3WFvUL._AC_UL320_T1F_.jpg
Karishma Analog Black Dial Men's Watch-NL1636SM01,11,670,https://m.media-amazon.com/images/I/61T7IeXzW4L._AC_UL320_T1F_.jpg
Analog Multi-Colour Dial Women's Watch-95063WM02 / 95063WM02,11,495,https://m.media-amazon.com/images/I/81BDtbFrGHL._AC_UL320_T1F_.jpg
Women Leather Htse 3 Analog Black Dial Watch-2247Ym17 / 2247Ym17, Band Color-Blue,11,980,https://m.media-amazon.com/images/I/917tycbCKOL._AC_UL320_T1F_.jpg
Analog Blue Dial Women's Watch-NN95085KM01/NP95085KM01,10,032,https://m.media-amazon.com/images/I/31SqVkQFc8L._AC_UL320_T1F_.jpg
Women Leather Htse 3 Analog Black Dial Watch-2523Ql01 / 2523Ql01, Band Color-Blue,12,995,https://m.media-amazon.com/images/I/816Dj3t4IGL._AC_UL320_T1F_.jpg